POBLACION,CVEGEO
125,"1901900010401003"
149,"1901900010401004"
67,"1901900010401001"
32,"1901900010149033"
52,"1901900010149034"
0,190190001012A010
52,"1901900010149035"
5,190190001012A027
0,
0,
8,"1901900010488015"
7,"1901900010149016"
31,"1901900010149015"
25,"1901900010149024"
61,"1901900010149007"
10,"1901900010149014"
23,"1901900010331039"
126,"1901900010331042"
176,"1901900010331048"
178,"1901900010331049"
112,"1901900010331031"
162,"1901900010331032"
335,"1901900010331033"
156,"1901900010331034"
185,"1901900010331037"
215,"1901900010331040"
175,"1901900010331035"
145,"1901900010331038"
93,"1901900010331041"
93,"1901900010331047"
134,"1901900010331046"
250,"1901900010331044"
0,
265,"1901900010331020"
298,"1901900010331043"
216,"1901900010331045"
259,"1901900010331019"
210,"1901900010539009"
22,"1901900010149022"
0,"1901900010327035"
79,"1901900010331001"
0,"1901900010331011"
0,"1901900010331056"
9,"1901900010331055"
475,"1901900010331002"
188,"1901900010331003"
104,"1901900010327047"
79,"1901900010327048"
194,"1901900010331005"
206,"1901900010331006"
365,"1901900010331007"
10,190190001012A001
30,190190001012A014
98,"1901900010134023"
94,190190001012A003
24,190190001012A017
105,"1901900010134020"
9,190190001012A018
74,190190001012A019
124,190190001012A026
21,190190001012A002
28,"1901900010153019"
46,190190001012A030
69,190190001012A004
0,190190001012A015
0,"1901900010134022"
80,"1901900010149017"
4,"1901900010149001"
0,"1901900010149025"
25,"1901900010149008"
3,"1901900010149003"
127,190190001012A013
58,"1901900010149027"
59,"1901900010149020"
16,"1901900010153020"
9,"1901900010153021"
134,"1901900010153022"
16,"1901900010149002"
58,"1901900010149009"
30,"1901900010149012"
101,190190001012A012
9,"1901900010149006"
2,190190001012A011
9,"1901900010149004"
15,"1901900010149005"
84,"1901900010153032"
133,"1901900010134011"
37,"1901900010134010"
87,"1901900010134009"
74,"1901900010134007"
76,"1901900010134008"
44,"1901900010134018"
43,"1901900010115016"
0,190190001012A033
0,"1901900010115010"
7,"1901900010115017"
84,190190001044A021
34,190190001044A023
52,190190001044A014
65,"1901900010115009"
128,"1901900010539031"
57,"1901900010543038"
0,"1901900010539010"
21,"1901900010539021"
54,"1901900010539029"
60,"1901900010543029"
29,"1901900010543041"
56,"1901900010543042"
61,"1901900010543043"
308,"1901900010242041"
0,"1901900010488002"
161,"1901900010488022"
0,"1901900010079047"
4,"1901900010581028"
69,"1901900010613001"
40,190190001051A019
117,"1901900010505037"
137,"1901900010505020"
202,"1901900010505047"
334,"1901900010505040"
85,"1901900010115024"
49,"1901900010168009"
99,"1901900010505017"
125,"1901900010204032"
0,
214,"1901900010026012"
70,"1901900010134016"
0,"1901900010134024"
103,"1901900010238004"
67,"1901900010172029"
149,"1901900010505046"
62,190190001005A027
56,"1901900010026014"
50,"1901900010026044"
26,"1901900010539022"
49,"1901900010492035"
98,"1901900010539023"
45,"1901900010187066"
0,
70,"1901900010191013"
0,"1901900010204035"
0,
54,"1901900010219036"
52,190190001005A013
94,190190001005A017
82,"1901900010219024"
42,"1901900010191004"
185,"1901900010204005"
1,"1901900010204006"
34,"1901900010435043"
0,"1901900010350010"
0,"1901900010149010"
111,"1901900010505010"
54,"1901900010280006"
222,"1901900010204011"
38,"1901900010204003"
82,"1901900010168012"
31,"1901900010219009"
63,190190001005A022
56,"1901900010168011"
0,
63,"1901900010454002"
33,"1901900010153013"
48,"1901900010505032"
64,"1901900010327049"
36,190190001005A006
56,190190001044A028
59,"1901900010401010"
71,"1901900010401013"
59,"1901900010401012"
0,"1901900010149030"
24,"1901900010149029"
18,"1901900010149021"
101,"1901900010238036"
77,190190001005A016
49,190190001037A035
69,"1901900010327008"
250,"1901900010327009"
101,"1901900010454017"
0,
0,
0,
360,"1901900010331012"
161,"1901900010327026"
155,"1901900010327027"
80,"1901900010327025"
120,"1901900010327028"
113,"1901900010331017"
368,"1901900010331018"
166,"1901900010011023"
38,"1901900010134015"
31,190190001037A018
47,"1901900010539007"
31,"1901900010168017"
136,"1901900010238023"
0,"1901900010168022"
21,"1901900010153031"
61,"1901900010149013"
9,"1901900010153018"
21,"1901900010153041"
44,"1901900010153040"
10,"1901900010153030"
29,"1901900010153017"
15,"1901900010153005"
22,"1901900010153004"
28,"1901900010153016"
20,"1901900010153029"
13,"1901900010153039"
182,"1901900010134025"
133,"1901900010026045"
51,"1901900010505014"
27,"1901900010505048"
13,"1901900010558039"
50,"1901900010223007"
72,"1901900010223047"
35,"1901900010064014"
53,"1901900010223021"
66,"1901900010172032"
31,190190001005A001
48,"1901900010219012"
32,"1901900010219027"
126,"1901900010238025"
68,190190001005A028
41,"1901900010168003"
147,190190001005A023
9,"1901900010219004"
26,190190001005A007
46,"1901900010219015"
66,"1901900010401011"
84,"1901900010168004"
628,"1901900010204001"
41,"1901900010168026"
35,"1901900010168024"
39,"1901900010204038"
48,"1901900010191030"
0,
48,"1901900010238027"
142,"1901900010505029"
58,"1901900010219037"
13,"1901900010219028"
75,"1901900010064027"
86,"1901900010261050"
89,"1901900010327021"
0,
87,"1901900010539003"
195,"1901900010539012"
151,"1901900010539002"
0,"1901900010327023"
208,"1901900010327022"
240,"1901900010327055"
39,"1901900010327020"
236,"1901900010327019"
221,"1901900010327018"
180,"1901900010327017"
0,"1901900010026033"
227,"1901900010026031"
28,"1901900010505026"
0,
0,
141,"1901900010539019"
123,"1901900010539016"
156,"1901900010539014"
146,"1901900010026046"
59,"1901900010488028"
224,"1901900010327010"
51,"1901900010327003"
0,"1901900010011003"
211,"1901900010011011"
147,"1901900010011021"
67,"1901900010168010"
0,
0,"1901900010115025"
0,"1901900010350011"
0,"1901900010350012"
0,"1901900010350027"
0,"1901900010100036"
65,190190001005A010
58,"1901900010558046"
40,"1901900010219022"
56,190190001037A020
115,"1901900010115031"
69,"1901900010577056"
56,"1901900010577051"
57,"1901900010577052"
197,"1901900010539006"
188,"1901900010327056"
183,"1901900010327013"
193,"1901900010327014"
202,"1901900010327057"
203,"1901900010327015"
0,"1901900010327016"
10,"1901900010191015"
102,"1901900010280013"
16,"1901900010558005"
54,"1901900010026018"
8,"1901900010204021"
61,"1901900010488024"
179,"1901900010011016"
42,"1901900010539013"
0,"1901900010543021"
119,"1901900010191037"
56,"1901900010153002"
107,"1901900010187050"
63,"1901900010153001"
90,"1901900010153003"
39,"1901900010115002"
75,"1901900010280050"
0,
35,"1901900010191025"
60,"1901900010191012"
25,"1901900010204034"
13,"1901900010204028"
53,"1901900010168019"
69,190190001005A011
24,190190001005A019
110,"1901900010238024"
64,"1901900010219008"
104,"1901900010219020"
66,190190001037A030
184,"1901900010539004"
117,"1901900010539024"
0,"1901900010543033"
59,"1901900010539027"
488,"1901900010577025"
39,"1901900010543039"
0,"1901900010543040"
83,"1901900010492031"
95,"1901900010539020"
152,"1901900010026002"
51,"1901900010168002"
0,"1901900010539017"
0,"1901900010539028"
60,"1901900010539015"
30,"1901900010577054"
65,"1901900010577060"
60,"1901900010543026"
14,"1901900010416037"
135,"1901900010134042"
0,
64,"1901900010543030"
112,"1901900010064005"
75,"1901900010223020"
12,"1901900010558047"
85,"1901900010153026"
150,"1901900010558031"
11,"1901900010191006"
46,"1901900010153014"
26,"1901900010187060"
8,"1901900010187061"
34,"1901900010187057"
448,"1901900010331009"
430,"1901900010331014"
75,"1901900010191031"
54,"1901900010204037"
64,"1901900010539030"
35,"1901900010204029"
111,190190001005A014
0,"1901900010543007"
85,"1901900010115030"
32,"1901900010539005"
0,"1901900010543011"
211,"1901900010026023"
188,"1901900010011015"
63,"1901900010219017"
29,"1901900010505022"
34,190190001005A004
330,"1901900010331013"
94,"1901900010327024"
111,"1901900010312001"
48,"1901900010219003"
46,"1901900010168029"
0,"1901900010505024"
72,"1901900010219038"
94,190190001005A020
42,"1901900010168021"
61,190190001005A031
20,"1901900010219039"
0,"1901900010191029"
31,"1901900010191021"
96,"1901900010488027"
250,"1901900010204049"
28,"1901900010191017"
83,"1901900010191008"
34,"1901900010168007"
141,"1901900010223005"
87,"1901900010064031"
41,"1901900010223009"
48,"1901900010064036"
0,"1901900010223050"
97,"1901900010134036"
121,"1901900010327034"
146,"1901900010026049"
227,"1901900010327031"
0,"1901900010327052"
84,"1901900010026051"
65,"1901900010539025"
50,"1901900010026043"
67,"1901900010187063"
31,"1901900010153036"
76,"1901900010204033"
51,"1901900010204013"
82,"1901900010204023"
91,"1901900010026050"
88,"1901900010026016"
53,"1901900010026042"
0,"1901900010327053"
166,"1901900010327032"
137,"1901900010327029"
234,"1901900010327033"
138,"1901900010327030"
87,"1901900010327058"
0,"1901900010327059"
0,"1901900010331051"
64,"1901900010488043"
99,"1901900010134039"
14,"1901900010083040"
240,"1901900010238019"
0,
118,190190001005A025
53,"1901900010168013"
36,"1901900010219021"
0,
75,"1901900010219011"
213,"1901900010327004"
263,"1901900010327005"
241,"1901900010327006"
239,"1901900010327007"
141,"1901900010011014"
155,"1901900010011013"
148,"1901900010011012"
92,"1901900010011022"
0,"1901900010011033"
67,"1901900010115033"
65,"1901900010543018"
0,
29,"1901900010064010"
4,"1901900010083041"
56,"1901900010079023"
38,"1901900010280037"
89,"1901900010079013"
47,"1901900010242010"
77,"1901900010172002"
56,"1901900010242021"
66,"1901900010492032"
7,"1901900010558010"
73,"1901900010581019"
96,"1901900010581030"
69,"1901900010581016"
73,"1901900010581021"
26,"1901900010223034"
20,"1901900010083021"
41,"1901900010242017"
20,"1901900010083018"
65,190190001005A015
44,190190001051A043
43,190190001005A038
13,"1901900010384022"
66,"1901900010100018"
51,"1901900010257009"
0,"1901900010257019"
69,"1901900010257002"
150,"1901900010261010"
0,
74,"1901900010168005"
0,
150,"1901900010191034"
114,"1901900010204040"
0,
65,"1901900010219032"
49,"1901900010219025"
53,190190001005A018
37,"1901900010242005"
49,"1901900010172010"
36,"1901900010098019"
6,"1901900010454008"
0,
27,"1901900010083034"
0,
99,"1901900010469015"
45,"1901900010261034"
13,"1901900010083001"
0,
96,"1901900010242039"
17,"1901900010083028"
60,"1901900010280007"
13,"1901900010079035"
42,190190001012A007
5,190190001012A008
41,"1901900010505012"
79,"1901900010543028"
25,"1901900010100026"
80,"1901900010257007"
59,"1901900010187018"
0,
23,"1901900010492011"
70,"1901900010492013"
31,"1901900010492015"
48,"1901900010492016"
0,"1901900010577026"
31,"1901900010577027"
79,"1901900010577028"
54,190190001051A001
189,"1901900010242049"
39,"1901900010098004"
44,"1901900010098024"
32,"1901900010098021"
46,"1901900010420002"
19,"1901900010469042"
70,"1901900010543024"
16,190190001012A009
57,"1901900010187040"
159,"1901900010204007"
55,"1901900010543020"
5,"1901900010261061"
140,190190001037A008
81,"1901900010543017"
71,"1901900010543015"
68,"1901900010543027"
58,"1901900010204039"
37,"1901900010187053"
0,"1901900010454010"
55,190190001037A032
62,"1901900010543016"
71,"1901900010543013"
155,"1901900010420001"
89,"1901900010083030"
4,190190001051A014
91,"1901900010083037"
42,"1901900010172015"
70,"1901900010079032"
18,"1901900010098002"
0,"1901900010280064"
33,"1901900010083005"
71,"1901900010242037"
45,"1901900010083011"
13,"1901900010079036"
0,"1901900010172035"
44,"1901900010242011"
59,190190001051A016
0,
0,
18,"1901900010153010"
0,"1901900010577040"
92,"1901900010492004"
38,"1901900010577065"
30,"1901900010100028"
29,"1901900010257008"
65,"1901900010257014"
25,"1901900010100027"
43,"1901900010257020"
10,"1901900010454011"
133,"1901900010134014"
35,"1901900010204027"
17,"1901900010168027"
57,190190001005A012
47,"1901900010204012"
29,"1901900010083027"
48,"1901900010083013"
30,"1901900010242024"
31,"1901900010079024"
40,"1901900010242015"
4,"1901900010083020"
138,"1901900010280002"
62,"1901900010280008"
14,"1901900010242006"
121,"1901900010543036"
0,
0,
0,
0,
0,
0,
79,"1901900010492030"
115,"1901900010134001"
24,"1901900010168031"
152,"1901900010219007"
63,"1901900010204026"
52,190190001005A030
180,"1901900010223006"
52,"1901900010100033"
62,"1901900010257022"
75,"1901900010223048"
0,"1901900010187012"
164,"1901900010187013"
42,"1901900010083010"
57,"1901900010083009"
0,
58,"1901900010168030"
35,"1901900010191018"
96,"1901900010505011"
0,
0,
0,
0,
0,
54,"1901900010492037"
0,"1901900010492009"
0,"1901900010577018"
69,"1901900010577020"
43,"1901900010577021"
0,"1901900010577019"
6,"1901900010492002"
35,"1901900010492005"
144,"1901900010187025"
73,"1901900010100004"
0,"1901900010257012"
66,"1901900010100032"
68,"1901900010100009"
51,"1901900010238034"
68,"1901900010238017"
8,"1901900010187009"
32,190190001044A040
78,"1901900010280015"
73,"1901900010168032"
50,190190001005A008
39,"1901900010219034"
145,"1901900010238006"
48,"1901900010064013"
41,"1901900010238001"
63,"1901900010172030"
383,"1901900010469067"
24,"1901900010204036"
69,"1901900010168015"
34,"1901900010238028"
57,"1901900010168020"
16,"1901900010168028"
0,"1901900010577050"
46,190190001005A002
24,"1901900010219018"
96,"1901900010168023"
28,"1901900010492007"
0,
0,"1901900010488017"
0,
0,"1901900010577022"
0,"1901900010223017"
76,"1901900010543023"
175,"1901900010064004"
130,"1901900010115005"
19,"1901900010242031"
74,"1901900010115026"
93,"1901900010581020"
87,"1901900010581025"
29,190190001044A038
40,190190001044A041
32,"1901900010098028"
44,"1901900010098003"
35,"1901900010098001"
44,"1901900010238032"
147,"1901900010223049"
52,"1901900010153025"
65,"1901900010153024"
55,"1901900010577036"
42,"1901900010153033"
29,"1901900010153034"
26,"1901900010153035"
60,"1901900010153023"
93,"1901900010153044"
106,"1901900010153007"
9,"1901900010153006"
77,"1901900010153008"
60,"1901900010505049"
66,"1901900010219033"
0,"1901900010134044"
14,"1901900010505030"
14,"1901900010153027"
36,"1901900010187032"
68,"1901900010505036"
67,"1901900010168016"
61,"1901900010168001"
39,"1901900010204008"
33,"1901900010261032"
40,"1901900010098008"
48,"1901900010098007"
61,"1901900010064041"
96,"1901900010079019"
29,"1901900010242056"
21,"1901900010242004"
16,"1901900010083017"
17,"1901900010100021"
69,"1901900010153011"
51,"1901900010064006"
46,"1901900010172031"
89,"1901900010064007"
0,"1901900010331023"
35,"1901900010331053"
113,"1901900010064042"
95,"1901900010219010"
62,"1901900010238013"
76,190190001005A003
3,"1901900010219029"
125,"1901900010488013"
3,"1901900010488016"
38,190190001005A005
57,"1901900010204025"
57,190190001005A032
48,190190001005A029
68,"1901900010219014"
61,"1901900010168008"
31,"1901900010204018"
32,190190001005A024
145,"1901900010204022"
23,"1901900010168018"
0,"1901900010204042"
0,"1901900010064021"
69,"1901900010064011"
49,"1901900010064043"
91,"1901900010064034"
0,
65,"1901900010280028"
106,"1901900010153009"
109,"1901900010238029"
73,"1901900010238015"
118,"1901900010539011"
204,"1901900010539026"
137,190190001051A003
156,"1901900010168014"
94,"1901900010219013"
76,"1901900010204017"
66,"1901900010204024"
61,190190001051A007
77,"1901900010543019"
50,"1901900010416034"
4,"1901900010543012"
0,"1901900010543032"
121,"1901900010134005"
0,
46,"1901900010064032"
0,
127,"1901900010223013"
68,"1901900010064008"
31,"1901900010223001"
61,"1901900010223052"
53,"1901900010223004"
90,"1901900010238003"
19,"1901900010172011"
14,190190001051A030
51,"1901900010219031"
91,"1901900010581029"
60,"1901900010543014"
0,"1901900010543037"
73,"1901900010191038"
0,
54,"1901900010492034"
10,"1901900010488019"
3,"1901900010492001"
0,
136,190190001005A037
54,"1901900010172028"
59,"1901900010223019"
97,"1901900010064026"
141,"1901900010187062"
0,"1901900010204031"
0,"1901900010242029"
123,"1901900010079012"
39,"1901900010242014"
98,"1901900010083004"
6,190190001051A013
86,"1901900010079033"
30,"1901900010064028"
38,"1901900010064017"
105,"1901900010064040"
111,"1901900010191028"
23,"1901900010153038"
0,
17,"1901900010505013"
76,"1901900010191035"
47,"1901900010168006"
8,"1901900010223042"
0,
73,"1901900010219026"
58,"1901900010100002"
51,"1901900010223038"
53,"1901900010401006"
0,
177,"1901900010064039"
51,190190001051A023
19,"1901900010558017"
315,"1901900010223033"
50,"1901900010223024"
0,"1901900010488029"
106,"1901900010115027"
60,"1901900010115028"
61,"1901900010115029"
53,190190001012A021
46,190190001012A022
70,"1901900010492018"
72,"1901900010492020"
25,190190001012A023
83,190190001012A024
105,"1901900010581026"
43,"1901900010115019"
74,"1901900010204019"
0,"1901900010577037"
35,"1901900010204002"
201,"1901900010204016"
47,190190001005A033
99,"1901900010219019"
0,"1901900010488034"
19,"1901900010558004"
513,"1901900010492038"
43,"1901900010492028"
46,"1901900010238008"
53,190190001051A009
83,190190001044A011
53,"1901900010238002"
59,"1901900010064024"
64,"1901900010238007"
51,"1901900010064012"
59,190190001044A039
22,190190001044A035
10,190190001044A037
202,"1901900010488026"
0,"1901900010134006"
45,"1901900010219005"
78,"1901900010219006"
19,"1901900010219001"
41,"1901900010191003"
65,"1901900010558044"
40,"1901900010168025"
121,"1901900010581027"
58,"1901900010581022"
30,"1901900010384023"
52,"1901900010064037"
87,"1901900010577024"
34,"1901900010492010"
137,"1901900010543001"
37,"1901900010539018"
73,"1901900010026003"
91,"1901900010026052"
9,"1901900010492008"
12,"1901900010492012"
42,"1901900010577023"
41,"1901900010242018"
87,"1901900010079014"
8,"1901900010242002"
0,"1901900010098006"
19,"1901900010238010"
1,"1901900010384008"
0,
0,
36,"1901900010204041"
0,
77,"1901900010581024"
0,190190001012A025
161,"1901900010581001"
154,"1901900010581002"
110,"1901900010581003"
124,"1901900010280010"
50,"1901900010153037"
62,190190001005A009
96,"1901900010172027"
41,"1901900010168033"
139,190190001005A021
0,
14,"1901900010492014"
300,"1901900010492003"
0,
60,"1901900010401022"
186,"1901900010401005"
0,
32,190190001051A006
0,
45,"1901900010083023"
54,"1901900010079042"
47,"1901900010079026"
56,"1901900010083015"
61,"1901900010223011"
12,"1901900010172016"
186,"1901900010079038"
22,"1901900010172008"
44,"1901900010115021"
27,"1901900010115022"
14,"1901900010115023"
22,190190001012A020
26,190190001037A021
550,"1901900010191007"
63,"1901900010492033"
0,
104,"1901900010261060"
21,"1901900010261020"
18,"1901900010261021"
88,"1901900010079002"
0,"1901900010257011"
140,"1901900010079005"
51,"1901900010100016"
56,"1901900010100003"
117,"1901900010115013"
39,"1901900010420005"
12,"1901900010172013"
48,"1901900010083035"
74,"1901900010350005"
100,"1901900010350004"
63,"1901900010401032"
96,"1901900010223003"
160,"1901900010100012"
0,"1901900010280005"
0,"1901900010242022"
32,"1901900010242008"
20,"1901900010083016"
27,"1901900010242012"
55,"1901900010079011"
103,"1901900010401034"
57,"1901900010401033"
108,"1901900010401031"
0,"1901900010365025"
0,"1901900010365046"
98,"1901900010365050"
0,"1901900010365039"
0,"1901900010365038"
0,"1901900010365036"
0,"1901900010079041"
49,"1901900010083024"
6,"1901900010242048"
43,"1901900010261026"
27,"1901900010261008"
0,"1901900010261059"
0,
33,"1901900010261035"
0,
97,"1901900010257018"
141,"1901900010435038"
0,"1901900010365044"
86,190190001044A024
90,190190001044A022
63,190190001044A020
18,190190001044A018
67,"1901900010100007"
0,"1901900010261019"
74,"1901900010100005"
0,"1901900010469012"
81,"1901900010100008"
0,"1901900010079045"
0,"1901900010079048"
23,"1901900010238009"
0,"1901900010399023"
44,"1901900010242016"
44,"1901900010242007"
12,"1901900010083022"
22,"1901900010172017"
45,"1901900010079034"
52,"1901900010079020"
75,"1901900010083029"
37,"1901900010261030"
55,"1901900010079027"
74,"1901900010187001"
122,"1901900010558001"
55,"1901900010098020"
52,"1901900010098023"
69,"1901900010280012"
17,"1901900010223035"
28,"1901900010083043"
123,"1901900010242020"
0,
57,"1901900010172018"
0,"1901900010079015"
52,"1901900010172005"
38,"1901900010134037"
80,"1901900010505033"
0,"1901900010064025"
36,"1901900010172007"
51,"1901900010172014"
51,"1901900010172019"
21,"1901900010098013"
27,"1901900010384004"
29,"1901900010384005"
28,"1901900010100006"
59,"1901900010100001"
52,"1901900010384007"
37,"1901900010083033"
16,"1901900010420006"
36,"1901900010083026"
48,"1901900010083012"
35,"1901900010420010"
53,"1901900010100025"
11,"1901900010257031"
0,"1901900010219030"
44,"1901900010242057"
71,190190001051A018
70,"1901900010064001"
9,"1901900010172022"
44,"1901900010064022"
12,"1901900010223023"
102,"1901900010064009"
0,
0,"1901900010079001"
165,"1901900010079028"
0,"1901900010257004"
0,"1901900010257017"
33,"1901900010257032"
6,"1901900010261046"
14,"1901900010257010"
48,"1901900010257021"
0,"1901900010257006"
0,
65,"1901900010257016"
187,"1901900010399029"
73,"1901900010399030"
0,"1901900010399032"
47,"1901900010399040"
5,"1901900010257029"
0,190190001051A002
6,"1901900010172012"
0,"1901900010083014"
226,"1901900010079004"
79,"1901900010079044"
14,"1901900010153028"
64,"1901900010153015"
56,"1901900010100010"
63,"1901900010064044"
84,"1901900010064019"
58,"1901900010242028"
13,"1901900010223044"
63,190190001051A011
7,"1901900010083006"
28,"1901900010242001"
76,"1901900010242023"
118,"1901900010257003"
84,"1901900010100019"
21,"1901900010384006"
12,"1901900010064003"
19,"1901900010064002"
83,"1901900010100011"
47,"1901900010223026"
109,"1901900010242030"
117,"1901900010079025"
22,"1901900010558012"
72,"1901900010172021"
64,"1901900010223027"
51,190190001051A022
93,"1901900010558045"
88,"1901900010115015"
44,"1901900010115008"
106,"1901900010115007"
100,"1901900010115006"
0,"1901900010365052"
0,"1901900010365048"
0,
0,"1901900010064015"
11,"1901900010242040"
77,"1901900010064029"
37,"1901900010100020"
103,"1901900010100017"
67,190190001044A027
17,"1901900010064030"
0,"1901900010261051"
52,"1901900010172004"
92,"1901900010079021"
18,"1901900010384011"
28,"1901900010098012"
54,"1901900010384003"
43,"1901900010384009"
61,190190001044A025
27,"1901900010384010"
106,190190001044A029
30,"1901900010261040"
25,"1901900010261028"
48,"1901900010098010"
20,"1901900010261029"
0,"1901900010098011"
68,"1901900010473006"
10,"1901900010435022"
0,"1901900010172036"
0,
142,"1901900010350028"
43,"1901900010083019"
65,"1901900010172001"
31,"1901900010223025"
31,"1901900010223037"
163,"1901900010581011"
30,"1901900010172009"
24,"1901900010223036"
90,"1901900010079003"
231,"1901900010435014"
101,190190001044A030
75,190190001044A031
25,"1901900010223012"
19,"1901900010064018"
59,"1901900010172006"
74,"1901900010581013"
90,"1901900010581015"
129,190190001044A009
99,190190001044A012
87,"1901900010064033"
50,"1901900010223022"
38,"1901900010223051"
36,"1901900010172020"
95,"1901900010064038"
39,"1901900010223032"
62,"1901900010083003"
79,"1901900010083002"
28,"1901900010435002"
31,"1901900010064023"
288,"1901900010435035"
19,"1901900010242025"
39,"1901900010083007"
24,"1901900010242019"
0,"1901900010026060"
0,"1901900010064020"
42,"1901900010098029"
8,"1901900010435026"
0,
110,"1901900010435027"
50,"1901900010473004"
42,"1901900010365030"
63,"1901900010365033"
0,
76,"1901900010365031"
9,"1901900010242032"
66,"1901900010420029"
0,"1901900010420007"
40,"1901900010098009"
0,"1901900010365049"
128,"1901900010401019"
0,"1901900010026058"
0,"1901900010026056"
46,"1901900010083031"
129,"1901900010083038"
0,"1901900010172024"
68,"1901900010079031"
93,"1901900010079018"
33,190190001051A012
31,"1901900010172003"
48,"1901900010242009"
34,"1901900010083042"
0,"1901900010401030"
125,"1901900010384013"
0,
159,"1901900010079010"
16,190190001037A026
122,"1901900010280003"
68,"1901900010261031"
172,"1901900010435025"
47,"1901900010098016"
26,"1901900010435004"
53,"1901900010083008"
25,"1901900010223002"
25,"1901900010435028"
106,"1901900010064016"
56,"1901900010238035"
31,"1901900010064035"
41,"1901900010223010"
97,"1901900010581012"
146,"1901900010581017"
65,"1901900010581009"
117,"1901900010581037"
59,"1901900010581018"
81,"1901900010581023"
0,"1901900010115004"
55,"1901900010115003"
0,"1901900010115001"
20,"1901900010115011"
64,"1901900010115018"
107,"1901900010492021"
229,"1901900010492025"
0,"1901900010153043"
0,"1901900010153042"
3,"1901900010149036"
336,"1901900010492017"
93,"1901900010488023"
0,"1901900010488033"
87,"1901900010312002"
182,"1901900010312003"
119,"1901900010312004"
140,"1901900010312005"
39,"1901900010312006"
77,"1901900010312009"
53,"1901900010312011"
217,"1901900010312010"
240,"1901900010312015"
98,"1901900010312019"
100,"1901900010312016"
95,"1901900010312014"
47,"1901900010312013"
154,"1901900010026030"
169,"1901900010026021"
194,"1901900010026022"
45,"1901900010026038"
29,"1901900010026039"
39,"1901900010026040"
0,
0,
2,"1901900010026041"
0,"1901900010026059"
169,"1901900010026009"
0,
198,"1901900010312017"
0,
0,"1901900010026057"
224,"1901900010011040"
140,"1901900010011041"
0,"1901900010011049"
200,"1901900010011042"
30,"1901900010011043"
0,"1901900010011048"
25,"1901900010011044"
53,"1901900010011046"
212,"1901900010011045"
77,"1901900010011047"
151,"1901900010011034"
154,"1901900010011026"
126,"1901900010011035"
102,"1901900010011029"
86,"1901900010011030"
149,"1901900010026020"
156,"1901900010026028"
192,"1901900010026011"
141,"1901900010026019"
157,"1901900010026010"
170,"1901900010026029"
177,"1901900010026001"
0,"1901900010026025"
0,"1901900010026026"
77,"1901900010011031"
149,"1901900010011032"
196,"1901900010011024"
231,"1901900010011017"
203,"1901900010011004"
15,"1901900010011025"
138,"1901900010011018"
194,"1901900010011005"
146,"1901900010011001"
205,"1901900010011002"
175,"1901900010011010"
211,"1901900010011020"
103,"1901900010011006"
131,"1901900010011007"
214,"1901900010011008"
140,"1901900010011009"
148,"1901900010011019"
75,"1901900010312007"
173,"1901900010609004"
178,"1901900010609001"
73,"1901900010026048"
63,"1901900010026013"
38,"1901900010543044"
165,"1901900010609007"
77,"1901900010609003"
290,"1901900010609005"
283,"1901900010609009"
297,"1901900010609010"
327,"1901900010609011"
205,"1901900010327011"
39,"1901900010312012"
169,190190001005A034
101,"1901900010488006"
31,"1901900010488004"
120,"1901900010488039"
68,"1901900010581005"
46,"1901900010581006"
8,"1901900010581008"
105,"1901900010543034"
79,"1901900010488012"
152,"1901900010488037"
106,"1901900010488036"
160,"1901900010488007"
0,"1901900010488044"
25,"1901900010261053"
33,"1901900010543035"
135,"1901900010581004"
21,"1901900010261056"
17,"1901900010261057"
0,
18,"1901900010261055"
274,"1901900010469013"
56,"1901900010469059"
26,"1901900010469065"
0,"1901900010469016"
72,"1901900010469058"
71,"1901900010469057"
293,"1901900010223046"
51,"1901900010581031"
43,"1901900010420040"
101,"1901900010115014"
130,"1901900010581014"
55,"1901900010115020"
66,"1901900010115032"
39,190190001044A017
13,190190001044A034
25,190190001044A033
147,190190001037A017
60,"1901900010416033"
0,"1901900010261005"
54,190190001037A009
12,"1901900010435045"
0,
85,"1901900010469011"
76,"1901900010469014"
57,"1901900010399031"
0,
353,"1901900010435010"
38,"1901900010435018"
105,"1901900010469060"
141,"1901900010469061"
0,190190001044A001
70,"1901900010469004"
79,"1901900010543010"
5,"1901900010543009"
0,"1901900010543006"
254,"1901900010435015"
15,"1901900010435039"
202,"1901900010435031"
0,
0,
0,190190001044A045
53,"1901900010100024"
85,"1901900010098031"
79,"1901900010100029"
95,"1901900010100030"
109,"1901900010079009"
160,"1901900010079007"
53,"1901900010100014"
21,"1901900010098026"
0,"1901900010350021"
93,"1901900010079008"
98,"1901900010350008"
66,"1901900010079017"
0,"1901900010350025"
126,"1901900010079016"
57,"1901900010098030"
0,"1901900010350026"
27,"1901900010100034"
103,"1901900010083032"
102,"1901900010083025"
47,"1901900010098033"
53,"1901900010098038"
49,"1901900010098039"
83,"1901900010100015"
26,"1901900010098025"
10,"1901900010079006"
51,"1901900010079030"
88,"1901900010083039"
0,"1901900010100031"
94,"1901900010100023"
70,"1901900010098027"
149,"1901900010098034"
97,"1901900010100022"
697,"1901900010079046"
299,"1901900010079039"
157,"1901900010079029"
82,"1901900010098014"
343,"1901900010098015"
253,"1901900010098017"
0,"1901900010261014"
62,"1901900010350006"
63,"1901900010350014"
25,"1901900010350023"
0,"1901900010350024"
0,
51,"1901900010435017"
0,"1901900010399024"
20,"1901900010399041"
0,"1901900010401002"
80,"1901900010401018"
25,190190001044A026
78,190190001044A016
0,"1901900010365057"
140,"1901900010365064"
0,"1901900010365061"
0,"1901900010365059"
0,"1901900010365060"
0,"1901900010365045"
62,190190001044A036
0,
106,"1903900014642049"
19,"1901900010365051"
0,"1901900010365029"
0,"1901900010365065"
46,"1901900010365053"
4,"1901900010365054"
46,"1901900010401028"
88,"1901900010401024"
75,"1901900010401027"
52,"1901900010401025"
72,"1901900010401026"
91,"1901900010401008"
0,190190001044A004
113,"1901900010473003"
77,"1901900010473008"
3,"1901900010469066"
0,"1901900010469068"
0,"1901900010454013"
29,"1901900010454015"
35,"1901900010454014"
83,"1901900010327040"
69,"1901900010327043"
240,"1901900010327038"
0,"1901900010609006"
48,"1901900010577059"
22,"1901900010577062"
169,"1901900010577005"
0,"1901900010577038"
347,"1901900010577044"
103,"1901900010577006"
0,"1901900010596006"
55,"1901900010488011"
30,"1901900010488040"
74,"1901900010327042"
69,"1901900010577042"
0,"1901900010577001"
455,"1901900010577002"
45,"1901900010577007"
0,"1901900010577016"
0,"1901900010577014"
0,"1901900010577063"
72,"1901900010280001"
90,"1901900010558022"
0,
0,
42,"1901900010539033"
78,"1901900010416032"
0,
201,"1901900010562001"
32,"1901900010238012"
126,"1901900010505023"
165,"1901900010187041"
73,"1901900010187058"
82,"1901900010238005"
78,190190001051A026
137,190190001051A029
87,"1901900010577057"
87,"1901900010577053"
0,"1901900010577004"
334,"1901900010577058"
117,"1901900010026047"
25,"1901900010596001"
0,"1901900010488035"
102,"1901900010488025"
75,"1901900010488038"
421,"1901900010577003"
38,"1901900010577034"
83,"1901900010577039"
273,"1901900010577009"
0,"1901900010543045"
69,"1901900010327012"
0,"1901900010628001"
0,"1901900010331052"
0,"1901900010331030"
0,"1901900010331029"
146,"1901900010327061"
157,"1901900010327050"
271,"1901900010609012"
103,"1901900010327045"
70,"1901900010327046"
77,"1901900010327039"
72,"1901900010492019"
8,"1901900010558002"
155,"1901900010416001"
0,190190001044A019
0,
0,
0,
0,
0,
0,
0,
0,
0,"1901900010365055"
320,190190001044A015
0,190190001044A046
209,190190001044A010
0,"1901900010505038"
60,"1901900010187049"
50,190190001044A008
245,"1901900010469009"
6,"1901900010261052"
9,"1901900010416038"
0,
9,"1901900010223043"
0,"1901900010223054"
0,"1901900010223053"
378,"1901900010492024"
68,"1901900010187039"
72,"1901900010187064"
76,"1901900010187065"
90,"1901900010134034"
20,"1901900010562003"
0,
149,"1901900010261047"
0,
165,"1901900010435033"
0,
0,
0,
0,
12,"1901900010187017"
283,"1901900010187007"
0,
0,"1901900010187006"
0,"1901900010187022"
55,"1901900010187054"
0,
46,"1901900010543046"
86,"1901900010543047"
169,"1901900010581034"
73,"1901900010581033"
60,"1901900010581032"
116,"1901900010581035"
67,"1901900010134031"
39,190190001037A022
0,"1901900010149037"
26,"1901900010543031"
259,"1901900010257015"
531,"1901900010435008"
615,"1901900010473001"
0,
150,"1901900010187005"
67,"1901900010187015"
107,"1901900010187035"
66,"1901900010187021"
76,"1901900010187037"
119,"1901900010187029"
208,"1901900010577017"
50,"1901900010577064"
333,"1901900010488020"
122,"1901900010488041"
0,"1901900010488042"
43,190190001012A016
51,190190001012A031
131,"1901900010134026"
0,"1901900010134035"
0,"1901900010134043"
15,190190001037A044
11,190190001037A047
0,190190001037A023
10,190190001037A043
19,190190001037A040
32,"1901900010187068"
123,"1901900010187046"
8,190190001037A048
57,"1901900010187033"
256,"1901900010469044"
0,"1901900010469043"
6,"1901900010435046"
21,"1901900010435047"
201,"1901900010435042"
12,"1901900010435048"
0,190190001012A005
40,190190001012A006
14,"1901900010134019"
46,"1901900010134045"
137,"1901900010242003"
39,"1901900010204046"
40,"1901900010204014"
30,"1901900010204047"
54,"1901900010204048"
0,"1901900010505002"
6,"1901900010204010"
46,"1901900010204015"
126,"1901900010204009"
0,"1901900010187034"
43,190190001037A049
0,190190001037A051
0,190190001037A050
0,190190001037A052
0,190190001037A053
41,190190001037A016
34,190190001037A010
86,190190001037A006
58,190190001037A001
186,"1901900010435049"
184,190190001044A007
0,190190001044A002
0,190190001044A044
62,"1901900010365032"
155,"1901900010558003"
0,
54,"1901900010613002"
0,"1901900010223045"
57,"1901900010505006"
150,"1901900010505018"
0,
0,
87,"1901900010191027"
23,190190001037A005
74,190190001037A004
43,"1901900010280014"
11,"1901900010558036"
149,"1901900010280041"
281,"1901900010261002"
0,"1901900010257024"
0,"1901900010257001"
319,"1901900010350002"
50,"1901900010261004"
146,"1901900010505016"
280,"1901900010204043"
9,"1901900010204050"
765,"1901900010191019"
213,"1901900010187028"
28,190190001037A003
51,190190001037A029
3,190190001037A028
173,"1901900010420034"
0,
40,"1901900010420022"
376,"1901900010187020"
144,"1901900010280036"
343,"1901900010191001"
28,"1901900010331054"
0,"1901900010331026"
5,"1901900010261062"
28,"1901900010261049"
32,"1901900010435034"
865,"1901900010435001"
36,"1901900010420035"
25,"1901900010420037"
38,"1901900010420036"
20,"1901900010420008"
29,"1901900010420014"
35,"1901900010420013"
43,"1901900010420015"
51,"1901900010280043"
316,190190001051A017
94,"1901900010280017"
0,
0,"1901900010312023"
0,"1901900010312020"
86,"1901900010011039"
0,"1901900010399034"
0,"1901900010399035"
0,"1901900010399038"
0,"1901900010261039"
0,"1901900010261027"
125,"1901900010581010"
333,"1901900010420009"
79,"1901900010420032"
58,"1901900010420039"
3,"1901900010454020"
0,"1901900010454021"
138,"1901900010558014"
0,"1901900010454018"
58,"1901900010280045"
201,"1901900010420025"
72,"1901900010581036"
0,"1901900010581007"
0,"1901900010331028"
69,"1901900010331057"
49,190190001012A032
48,190190001012A029
106,"1901900010505007"
60,190190001051A046
84,"1901900010280020"
108,"1901900010280033"
59,"1901900010420016"
31,190190001051A047
42,190190001051A044
37,"1901900010187011"
178,"1901900010505004"
9,"1901900010365058"
0,"1901900010365056"
51,"1901900010280018"
50,"1901900010280063"
303,"1901900010187045"
679,"1901900010187067"
252,190190001051A027
14,"1901900010420033"
133,"1901900010420004"
0,"1901900010454001"
6,"1901900010401016"
55,"1901900010401007"
71,"1901900010401029"
58,"1901900010401015"
68,"1901900010401014"
93,"1901900010505001"
25,"1901900010149028"
45,"1901900010149019"
29,"1901900010149018"
50,"1901900010149026"
0,"1901900010543008"
91,"1901900010543022"
0,
0,
55,"1901900010261041"
33,"1901900010261033"
25,"1901900010261007"
25,"1901900010261018"
53,"1901900010261006"
191,"1901900010261017"
522,"1901900010242013"
18,"1901900010384021"
0,
0,
0,
0,
72,"1901900010539001"
0,
0,"1901900010172033"
0,"1901900010384002"
0,"1901900010384001"
44,"1901900010098018"
51,"1901900010261015"
48,"1901900010384014"
30,"1901900010384015"
382,"1901900010384012"
0,
0,
0,
0,
0,
6,190190001044A032
0,"1901900010435032"
65,"1901900010435040"
117,"1901900010435041"
24,"1901900010261054"
113,"1901900010469056"
13,"1901900010473002"
36,"1901900010473005"
247,"1901900010191014"
31,"1901900010416004"
67,"1901900010577061"
0,"1901900010609008"
0,"1901900010609002"
0,
119,"1901900010469003"
22,"1901900010454009"
0,
0,
0,
0,"1901900010577030"
0,190190001044A042
0,190190001044A043
0,190190001044A005
0,
0,
0,
0,
0,
0,
0,
95,"1901900010261001"
37,"1901900010488001"
74,"1901900010539008"
0,
0,"1901900010577049"
0,"1901900010577031"
346,"1901900010577008"
0,190190001037A027
136,"1901900010488030"
0,"1901900010577055"
0,"1901900010488014"
411,"1901900010469002"
0,
75,"1901900010187027"
0,
0,
0,
261,"1901900010416027"
0,
64,"1903900014642050"
170,"1901900010280021"
99,"1901900010280026"
48,"1901900010454019"
37,"1901900010558023"
29,"1901900010558037"
6,"1901900010558032"
2,"1901900010558033"
26,"1901900010558027"
15,"1901900010558028"
65,"1901900010558034"
0,"1901900010558042"
